path	size	sha256
__init__.py	90	cd895f7b42acd3e89c0203211e4a489e2bf97cc3c4d932fd18644423e50f166b
__main__.py	20095	b6e57b261ae91108708a476319a47581ae14fa3e48756fc2f90b9b7ca1c5a5e4
__startup__.py	629	13ab2d834010662c7c25b87e225c95c98d5f5d7195be15f7fd7fb6a773f074a9
accessibility.py	195039	80cab4cdf1a582cf9f3ed73dcbefa2467f5493deba0c092acdf5c2b87ba582b8
accessibility_fixes.py	18747	86150a1b396773c07150b004fd318a61dfee2b50803c6490709853f2173d4525
acroform.py	32644	e10959b8f7ad5416f747e7ccd6f0921bbe0e4da50f4e32823050deff96d319c1
afcalc.py	39761	ba603c4a06ad0579c58a7c9fa4ae11d7c2679ff429cd7231b27cbd6b4ad14c98
afemit.py	15340	532ad65744af4031eb2e1d1a53df0656576bfa3ff4e867bb71781f2d46066036
afscript.py	11060	cf256e44f4f8a582775b9c51449f28da23f01c8cdb40119ca035928488007187
annotations.py	10772	c2cfe8c1827d92f247084a2b3b69f1ffb076269841c8f387d79bc9fbedcd2b0c
attachments.py	4027	f4680b0162089104ff253e81467912443bd7f56c72a6190d3e0c3a3888864538
autotag.py	14600	dba675747754a7555decc8f19fc1daa3584cb798f58af2314cded1368c203bde
batch_ocr.py	41724	5eccaccc15e4705fb521c8d2a1e4e4ee28b3e6a6ec1010b99094b13d8681a0ff
bezier.py	4483	13ee483be103be2dcb4fedc3ba00be6ff47a9e4afc2a04ab7e8b4439147b9f77
bidi.py	25322	7b28077d514aa996f1858b1a73557e039ecb9afc5d9ff8564c714f49f422f9e2
budget.py	5900	8184c44de8a23a26440bcc9e8f780f06d0170fbddfc556eaac16bde9d332033a
check.py	10966	a74dd55be16e4bb643597b7e526d7aed79ad183400cdd45b1f0a5574cb4c4f62
clause_map.py	10692	6ae538436ebed4b5d185db6d91088510007e2e534e3a451301b2536629d979a5
codec_taint.py	47945	c9fd2f95f573a5d64cbe9c1df82451cd4a6e084fe40c4b2f215cd35ddfdf92a5
color_spaces.py	27367	e413e71ffc83d91ec1b592aba54802577260e22ef979d59da488cab430c02b75
comment_summary.py	49553	fef96e175d866f41b68f91c2bfdb480c3fc2b98655b54e5b8d3f6d2e0cfb944b
compare.py	30448	1484dcafaf45456e0de9c60bf9e60e8745a83e24568465059be0dc5624b6d4ae
compress.py	8657	611f62ea9364339427dcd937300a0ff2aaed0873ce3ffebd476b4bad1a86f97d
content_crop.py	12053	68de339265868ac814075290f79c3d010586b7ae2366860ebf8bfb3d361df63d
content_walk.py	19421	f1391d9aa8df7d57f280f14693568124873db0225ecffafeb562e898a97cb7c4
contrast.py	6037	4bea22763e31d040e426f357767e193e404d5ab26aa6d08acdea663f0ee7c585
create_pdf.py	28138	1a926113614d6ad644d2dc4a1218f0618990a4ec2c0f0c0438067a1f9a3b266c
create_pdf_folders.py	10767	298afbc1fd5156a25b3bf1baac1e06c00f7082c6abc715a588dab9f655bc7789
csc.py	36614	510c773a61ee236ade3fa4bfebc055df852c2a33b2c2ca93757d177107f20252
csc_signer.py	18154	6dc6a147b46fbee793705d7186d3754f289c8737cd900ccf24badc3fc4bf59f5
delete.py	1570	aee85242480d20982433f73e16401ad01a10767ac0d779c16f506ca26c68112a
derived_nav.py	17864	e78a280fbba976c5151ba1f2fc47a7f3d41d95cb77d0b9b93af2925a9a625cae
distill.py	10345	a201306ea1eda22b89e1ef0a69c19723890f343d24b4be7a3a533031354b29bf
doc_properties.py	44228	ab6ec8eab90f2192b267b045097b79fea006540919b7bcb15f084c318c76c514
docmdp.py	4077	dac63294db1dbb8c3eb6c42faccaabe6d0b441e6d0287d95b6ca7774ff132c62
docmdp_policy.py	20012	caa2e4de83cb8a27f95529fb44ab31a120ebc2e496c4529c02eb3db61eb79cd3
document_health.py	43087	d137854379833608d4a5767cbaa40bb420949a7898c44dbded723bf318ed015d
document_js.py	13203	92fa5958b0aee1b420a2e69f518d96fc8e4840e2c0c5a8d87fd84dec737f611a
encrypt.py	6224	87054f6874cfa849194bd79fcf6c668b8535c21706891183fb81cd1751479bcd
enhance_scan.py	38151	1bd73b53d48e112dfe24f00232cf319de7139ba382471a9468d9e38e6865cbe5
eutl.py	4518	3bb605021b77e576f3443d58de00b2f32e7d33aed1ebb421e4ceeaf4ccacb59b
extract_text.py	8814	a0e64f9d7c766e8495fb36b06493af56a8eb241f3d6427bc3714af0ca0170a48
fieldactions.py	22245	8b0498c6b6d086f78676e5254dbab27c9fbd5cff8afa569487844d1442a29be2
fieldmdp.py	9312	f90d7b68dcdc211d591cbb7a698ccd878f7425bb54a06b69d8d0239268606e33
flattener.py	52818	1e0a10bd0cd7dd2933b19921e385ba73ee14dd1b05b7d90ac84549a6368b8d84
font_embed.py	26878	2b24985ac95ab44dd02f0dbd2d8ac722058ce4fd1081d39859d9331fad49cfaa
font_embedding.py	3460	a1e9836317c464ee15a322bdb44b3acd8f306ab45766d93b10d94bdbb1d0579c
font_fallback.py	43277	221f127ad86fba998472584bc8f1cae05e17d3eb81d625ac1b9f73edf4002818
font_features.py	6817	ab9a1f3b4be144227ec5ff4f5e116d734c169a220c9213836298fe258ff822e9
font_inventory.py	16529	b3d845c9676f5cb7ce6e66e896d062521c7a65e702d9adfbc3e905d86ed0e617
font_kerning.py	17203	7bf657b668fcd605d0d4d31390d328f82f875670fe7d1e641f61b22e8982fb42
form_authoring.py	64464	edd5a1e7946552d94c5a574d97ce86c83f3ba31cdaec1d7cdc1bcba0a20a2f87
form_detect.py	48669	58605044f86fdd582cb43476947ab9bf576f492875333870cffe410231adab99
form_detect_vocab.py	3090	efce96b38edc097e03be267d7ddfe445e9c93ae87d1df73f9242837651238f84
form_prepare.py	8036	bcd3d792bb63e86aa7d0fc9f4680766774e8770339d6ace71400ecbfe5a3fc75
formdata.py	20979	085b5250b343b4e744a68c125750148fa65129845c2b4dc1b37f5719b744d549
forms.py	120168	688af3954c0e5f5b1f8becad46384ae8234f773ad7756c9abdc46e7edb2f694c
fs_names.py	2352	23071d838cc45615bfde1dd5aa0701cd63d3e0e1bced9184e4f48b8780b892f7
glyph_outlines.py	28120	a0e006eb03cab8478569a70d692534650328681ca6c277926c38c8c5d2faab5a
grayscale.py	4551	beba37fa31495cfb1da1b70be5195d3ddfb23ae6df044edd24cdb00973e65a7f
gs_capability.py	16224	6263d02cecbc3d8b74a7c23bbf6280b4c0768fecd60862e76d832ca269ee24d4
guided_actions.py	43533	715eef5df05ad8144397e66e6f50af59cd5badad06aa8f9d10058d6d827a1f45
hairlines.py	26363	6cdb88ad846fccdb8cfabf8dbad5129623673a5d3cc3a71aa44c6b608e9ae51d
headers.py	14160	2a544537be90d1a6cd5eabcbf6c9dbe4eba143ff9563c5b849802ab3f18ca7d0
icc_profiles.py	15754	b8885921d5e1b918986b83e0d9105b49e1489c79803fe5f2fc0c20d31bca998f
image_export.py	6578	2a98d22a8aeb1c2a22d87f596ddc4892b83e400b1feb6cec1f4bf6238c147b72
image_redact.py	78398	c75936b4750e5bb5541e09f909f081f782646fdb2eb882f9409828ed578a5887
image_resolution.py	6222	654fa9e2bba5c2c737fdc73b5089f97cc6945be04be502c47101cb11d85fe555
incremental.py	72887	d6580915816d9831b242d5726808ac876d47f10238e801ab8b0680150e731791
ink_manager.py	39789	ec25239da2d58135811c3084c0fc0c964e7824416a18d42deb97ba82860aef10
inplace.py	4965	79b711d50a7cc01ec4799af67c32d1c16f09daaaac212855233ce0be3010695f
inspect.py	2526	02c691a7480945765c5627bd5dceb2884640de8e35f73a38f8f9cd180304aff7
ipc.py	3985	ec232c22a0000f1bfdf9f1fbfc9da4c9ac68ac0a4de3366dae6051c5f9422844
layers.py	8391	58e76f693399c88b240612e8cc570c116fecdf1af87db492125bc99ca10e9230
links.py	35026	cacfd3276ed1f0ae621437d0e31a10347dde06c97ae33b55c69adbc07d5bf774
merge.py	3365	fa6f3fe02d2ad96ebd07362a15faddb260d2a388f3c8f202f7f457683174aaf6
metadata.py	11188	a8b6eba5ba2358b83d1f8968359828a2a0fb96ea8b6ff345b15d6a559ae7708d
mrc.py	55495	a8f84dc8be8e62248daf7952c7f7f9ef7d77a9a1ef231421fd5dcca41c875666
mrc_codecs.py	53140	23efbaad50b40eef5fd89ab204a5d52f074afa45e56c7d0e9cd7548b75960e94
mrc_verify.py	5360	7dfa0d8338b3e713598016542c6023775fd642c65e305b7bf81300a402d3a459
msctl.py	8266	f26318f27564e76f7650891deb5b3ff0c7f19266ab090f03bd4ce46d1cfe9d48
object_inspector.py	43771	1558ed63ff590a2cd1d848888fb4d3a8697c6321b7eca6739b4f49833a856645
ocr_layer.py	8513	9d37f293ca121f189d2f2aa6def2df55c965930ccbb5c39cff0b3f7e6acb6e2f
office_export.py	11679	1904669befd6f2c0da4d0950cd6946a29f7d04de710695a888077d8aa14566ed
optimize.py	2612	7cc05ace2d78fc7e1d03d4f12a12a0ac0387afe17c0fc1a70ad8ced941ad25ec
optional_content.py	27876	0ec62ef69509a3766e27bcfbdbb8dcbf205cb696209aaf20c714fa0bbe57bc03
os_trust.py	3485	a4f413badeb459e593d5644bb0218ce0b5f7ed6dc8f145c2086bd11d6879451f
outline.py	12255	38c36a09d6a758a8ad6401e717d325a4e63d2384d3c4ffbab2fb847d5c3a94eb
outlines.py	33826	bd70cc00d9b5e5742724fe5485d8b6a973ab373ad343339fc035d102f59a23c9
output_intents.py	6841	d8560b4ed827451c29e6b4bfebf90d15990bd04c73a336981e40c7aa9a8a08f5
overprint.py	15279	514f44b34b7a46ec308a006b6335d6fdba545e837d652bfe3abab28c21eba8cd
page_boxes.py	4362	3bf4a9eec5cf8ad025661e8f8375b8c310b192e4b75d06ad5617dc6205a71354
page_copy.py	9958	9ceaa178825fcefbb0d0af28a0e771f17cd5d5f8122a4cd27e39305548400245
page_images.py	99403	eb22b1981768fc8862e86995f95fc59c863b9f4a1f978b592bc7dca5e08ba2dc
page_labels.py	10399	692a2e4bf971dc022d7815d727ff96eaf8f8138bd9b3a661a70b9c5687e9064c
page_vectors.py	57340	72f37de1d48cda9546e0d8307fad476ec235025f303957b75b88f3af90950700
pdf_fonts.py	89263	8eb4719c6d60b67431a15f0f2caef95250e814bb3205aa951dead47ab78ae875
pdf_metrics.py	3749	e5596eb958f28aa2335127e0bb450ab76b7945594b912bd66bc985bc82e802fe
pdf_save.py	19928	c0c97c5174272399db78e6dfa9d4d7d1d03bba852e1af091536765a5d8c40fef
pdf_tree.py	8251	fb7b2c59d59405edc225e40bcd7478fdb7e637ca5e9f0a89876855706755e41c
pdf_version.py	9311	5f935e7915a242c76d27957fdcd97bf7cb0bcd381640971cd546de8f1e73cfc2
pdfa.py	5419	6cdd88f728327ba73545db17eb88592b08eb061066ea1eb9eb06e9da5a060e60
portfolio.py	8211	280dac596cfc8c7d6e88b8aff016329cac70950e808a96778a1427ac0f050985
preflight.py	82386	d2f85c1a0a5b27da7e434526c9639c5202fa805e6e79f9974e851ad86ff41ea1
preflight_fixups.py	29179	0506f02e5c84e3439cccb0415c429339adc0353203581af815a8c5c2115e037c
preflight_profiles.py	33575	182ad31c416b97e1693164f8d19b13254a0e0355b62cf4399859d7f246a6fb8b
preflight_sweep.py	13370	83184336972c5f4709e96f1542b75e3143160cf7125a83d50dfad9e2d3e5d8d2
prepress.py	45989	db7bd5371eb83ac75e02fa72a80de6c7ed53dd6ac0e03f8a3e86ca1e7917fd49
print_layout.py	24624	8590af04acc00386e09d376da2a369cd72903eac950b8c21d4890d73a2791d6a
printer.py	31877	51ba004d326f344b2e04c645cad64cc5fc8a60d6a3a63f7f204de4a7dee8cc10
printer_marks.py	34271	7946d0e7be0e4c1aa46e91d9468d25f8cb3087e00f9e88789e5e25c07c4dee15
processing_steps.py	23379	974dd53468a56f73b2c3726d18ce0de531110135a82f1cc2844f18e3efee2fae
pubkey_crypt.py	7210	4ea848087947f3c196952003309b01634bb644f8125520174e0f9992afe70c70
read_aloud.py	17273	245abf275f8436183ac04e6d37aa85c46b8f7b8f95e7c95b0dd3fb962b9bbcc7
rebuild.py	2923	5893de485cfd61cf2c00939f40da1bd4bf566a609706272bee28884c9814e0ae
recognize.py	17186	39d3b22dc5c2fc63fb7b3ad00ae5c84506870e2756f806d761af26ce9567cdf0
recover.py	6428	6771ac767aeb3807aa68ba8f060661ea37c14cc183542924db086219b96f966a
redact.py	77232	1bc772b7e1b5191f3fd892ad33fe801491ca16e5d963a53d1b24395630f0e31c
redact_document.py	26467	2a398c644dce91944841ed7065e60bfaf1034c19f4cd0046aea3385682fc7211
redact_fonts.py	108433	c21740f6942fbe48863d228d4692c291792aaa4c47d4640773249b095612ba82
redact_geometry.py	7754	7edefb3a1aefb38e60abfee23bf8d3050e15e18f5c2927108e532b2b420110ac
redact_marks.py	13873	ab04ab054600a3feb30f4f68e88a822fe9cac5763bac4e1e148ec12fc2f10222
repair.py	3344	609194c5e1d2b5f30e805d9da78e5ecf9f7970d3d7587799bd309fa7a0ef98d7
reversion.py	7396	6fa165726b1def4afbed16199e2884ad5a24f42b485545ea743dfd61ad48d757
rotate.py	1331	a27ff3bdcdb9fbd60561243b56be1da3534ba220ac59ca797072c16c23848346
rtl_text.py	8802	8f919aa7be551de2cb7484ee19c5cf5b442405c8874fc3bc62f26d0b64e99c5d
sanitize.py	48295	df3ec0d268946a190948a3f2699bd64cca45f371965034d881c0704bad1fa0ac
sanitize_content.py	44863	345857a51b4f66326753de01383d5685d106f6f9be336bf6befa75c6b745aaac
search_in_files.py	4701	9b0c383fef82ea1615e78cabc479dd2881c137d722bd7638e155aec3fa4ac98d
search_redact.py	5264	27c96466d7b3726271c634960506dbefeecd93fe8cedc6c0fd6b0b051f05e397
search_regions.py	25095	ddb59846fd0e017eb94e57d6fbf74e1aeab190a95c16a846339c6c3e617513b8
separations.py	68397	6eae2ab7a3f1f1175a2b3d44ed533b894eaf83cd3021b1d11823d321733adbdd
shaping.py	23493	294c719804e666dec08e719842999d1168a9e8b3c3c2e334349e62a22b0210ef
signature_size.py	1523	638cd220635212565d43508a737129c0c1ee90720219a645a1da875e6e03d7f6
signatures.py	82070	f53dec1e7336fbb1cb5ba98a8c495d5bed70b9a911d30e4ce7438ace20702b27
slide_export.py	14410	3db4054f45c2497f936afa9f42f5ebafe442003195a3874eaf5988322cea9197
soffice.py	25953	a98750536f14b32f80c02720a8033f99fd38f8041c8b8e40a288107af8f6385b
soft_proof.py	29027	8a513d64d53da88c5e5484e730dfe245bc6143e09f6d2c0f22ecda76dfa72b9d
space_audit.py	22277	c49337e51033943e523e07953a7379774eacc67d2b63ccb73083294f3585300c
spelling.py	39348	87e817118682b1b4c907453c47928550bcae0cbc04141f507e6401fe890683d8
split.py	19582	cc3c2ae3a41442ab28a7030f066e70ae3a78c770b1ae1ec9b0d911691dcd9792
stamp_appearance.py	33685	8a9bc8ae618e9f9f7e14ea6521b69fe121d902710cf69c7fcb8cb70930adadcc
standards_report.py	24680	c254a31ac88c49625a54ccda69922fbfdd3199194085815ef396623399bb68da
stroke_outline.py	14078	19a90ee4485a3a7cd4e77535892618d1d99ffd4e839ba387e98b6faccafb6ea2
struct_audit.py	23996	6bb97c117b4a5bee078d4a7a67c609efb826cece8f56498b9f12554387cb46fa
struct_fix.py	4011	3ca35ed5ce24e773dacaaf374742a52c52a85d39bfe1ef6a8a1133a25ee57365
struct_nesting.py	22647	fe1544c0673baec065a21267b72954fcaa727740d224e483df20b0d2c5f0433f
struct_tree.py	22344	8a171ce1d16a7d02454bc4841f9fd27800a593e246afe7de4f2b8359349775ca
svg_pdf.py	52325	6177941dc8e91839ad0a98eea42423bebe38c04c3d4207e43123f75c43ee9c3f
system_fonts.py	9335	4f1715a149de9e0a945e4afbf6f62f76ade7d09ea2c6b0f6c0a15a00f191791a
table_export.py	37608	54c727ea49c987c42496da159efc484d7c8a357200826a0fcb8f0ae254b01bc9
tag_content.py	21260	3da67006e216431a3d96dda27a6c995c71fd21e56f6b9ff583b787aa60ef6c86
takeoff.py	5239	82f1c734ab19b48dc379efb8901fdb1e84390d80c8a577db26bd086988d5390a
text_authoring.py	82411	2d6d3ee9547cdbce293e61162a80056c5be1bd073b74cc80313130879a69d90b
text_export.py	5012	838faea729554fde38e908c9d7d0999bcbbe9a8ebc641e3effd59838a770964a
text_match.py	23369	7ff1a71a3b0710a4aa09e4aee419e5fc8f16730c95e7618176da54d078be8b1a
text_metrics.py	24624	dd57367dc91df2429c3176359236cca9cea1e1f119830749844f582b3f62d8d6
text_paragraphs.py	288918	5e9cc981213f1d73c5b1988d3033646e5b71a10a72c0d16efcae51aeb4320ac2
text_runs.py	48630	623e54124ba5b4c8a42f08ea00e24f3edc9c5aa9f48277137f44f7a297294c9b
threads.py	9831	ef61b36f7326193594bc71ae650c8a262848702a4b404b7589726c6cacb69f09
trapping.py	24897	6a0f7e714e137887c2442112b7f18339ea3f0fea3d5a1812b6eb9885c015c39a
trust/eutl-certificates.tsv	219954	0c8d852310367074adb521f013f49972444fb58a4e22696b71fd1e2308d28e10
trust/eutl-lotl-signers.pem	3053	04c3723b4d92922fa6ebc955c22b2d7df6b7f12ef318c9866891e567e510f6c7
trust/eutl-manifest.json	15451	00ffcbefffb1b739dd69f08c839a304777f3ebb1176889bb92348deee28537cc
trust/eutl-signers.pem	2159165	c39a53a4ed42fe189851663eb9d9b7df9cd5f326f69cbf107f2e5965fe23e560
trust/eutl-timestamp.pem	2591741	514da17212c4be7e210723631e95c70ce1b45fcb031d710a02d3d4086cff867e
trust/msctl/msctl-certificates.tsv	23532	a47dcdf1217f6f197422190e1cd1100b459a911f8add1a2fb87906bb85c263b5
trust/msctl/msctl-constraints.json	24004	7eebdf4bb7f531519278086e17441aa7041529f53db1d051d61264d43a42c73c
trust/msctl/msctl-ctl-signers.pem	2468	666404eacb5e4163c9071136525f5976134fc85ea57fb6e9c4951d7578f06289
trust/msctl/msctl-manifest.json	1475	56e6e88fd9db866221c3c8cd010771edafd87e71fefac021c0d0929886fd5526
trust/msctl/msctl-signers.pem	389185	050f1fc9207daff1aa34b353c64cc09876ad86ce41f110a8dd3c1677ea76c570
trust/msctl/msctl-timestamp.pem	275800	2b5ce94ccb6cf7f04d29429dc73cdb37beb23cc9341eac8ff769267b80045953
validate.py	1668	38ca7c2408a094cc861a8ed0168e8f44f12e53479e3b58ea3b6642ae336ed602
vector_redact.py	15434	3d3b60fb75461882b300d6cd9b3e66549ea66f76a24d6c4ee4e4b5480d3a2e7f
vertical_text.py	9161	284aba71d7ac06f83609b8757570fe01986c51f822df80c95b5e8c8b8bcc2b17
watermark.py	51562	1a6b05620786a6d3189ad70988b58cb31e8a1dd230f040c920e8f4a9aad284c7
widget_faces.py	14822	e643c8084527c27ff67b7950e5a3270fd05bcaad18c64722edea162ab3ffd1a1
wincert.py	22706	7c0a6a2d89f06ac3ebbad5889ade191114d77f4f389753ed10aad18116565df2
xfa.py	36176	b2b5b9d75f825ca642ee47e54e33c7a7f4513285c42474da9d551348e93d5b5b
xfa_datasets.py	20930	4d31b1813005a368a2e2b4ac60e8f3ec7f313d77f337ffec850c790873447ed1
xfdf.py	34287	6553723378ea6ab85f0cb3922cf4ed2d316cada42f6e99cfa594f2db39feeb6a
